poly,coeffs
x0,331.9415041672813
x1,1145.1759611117166
x0^2,2.7300444720239803
x0 x1,25.658486778346933
x1^2,-38.56766375963388
intercept,-1819.345477581559
